<?xml version="1.0" encoding="UTF-8"?>
<build-type xmlns:xsi="http://www.w3.org/2001/XMLSchema-instance" uuid="dd6d5fe5-5efd-474a-9087-11e6b2109711" xsi:noNamespaceSchemaLocation="http://www.jetbrains.com/teamcity/schemas/9.0/project-config.xsd">
  <name>[Lesson5] JUnit tests (Maven)</name>
  <description>Run JUnit tests with Maven</description>
  <settings>
    <options>
      <option name="allowPersonalBuildTriggering" value="false" />
      <option name="artifactRules" value="Homework 5\JUnit\MyFirstProject\target\site =&gt; report.zip" />
    </options>
    <parameters />
    <build-runners>
      <runner id="RUNNER_1" name="Cleaning results of previous builds" type="Maven2">
        <parameters>
          <param name="goals" value="clean" />
          <param name="maven.home" value="" />
          <param name="mavenSelection" value="mavenSelection:default" />
          <param name="pomLocation" value="Homework 5/JUnit/MyFirstProject/pom.xml" />
          <param name="teamcity.coverage.emma.include.source" value="true" />
          <param name="teamcity.coverage.emma.instr.parameters" value="-ix -*Test*" />
          <param name="teamcity.coverage.idea.includePatterns" value="*" />
          <param name="teamcity.coverage.jacoco.patterns" value="+:*" />
          <param name="teamcity.step.mode" value="default" />
          <param name="userSettingsPath" value="" />
          <param name="userSettingsSelection" value="userSettingsSelection:default" />
        </parameters>
      </runner>
      <runner id="RUNNER_2" name="Run JUnit tests" type="Maven2">
        <parameters>
          <param name="goals" value="test" />
          <param name="maven.home" value="" />
          <param name="mavenSelection" value="mavenSelection:default" />
          <param name="pomLocation" value="Homework 5/JUnit/MyFirstProject/pom.xml" />
          <param name="teamcity.coverage.emma.include.source" value="true" />
          <param name="teamcity.coverage.emma.instr.parameters" value="-ix -*Test*" />
          <param name="teamcity.coverage.idea.includePatterns" value="*" />
          <param name="teamcity.coverage.jacoco.patterns" value="+:*" />
          <param name="teamcity.step.mode" value="default" />
          <param name="userSettingsPath" value="" />
          <param name="userSettingsSelection" value="userSettingsSelection:default" />
        </parameters>
      </runner>
      <runner id="RUNNER_3" name="creating project description and report" type="Maven2">
        <parameters>
          <param name="goals" value="site" />
          <param name="maven.home" value="" />
          <param name="mavenSelection" value="mavenSelection:default" />
          <param name="pomLocation" value="Homework 5/JUnit/MyFirstProject/pom.xml" />
          <param name="teamcity.coverage.emma.include.source" value="true" />
          <param name="teamcity.coverage.emma.instr.parameters" value="-ix -*Test*" />
          <param name="teamcity.coverage.idea.includePatterns" value="*" />
          <param name="teamcity.coverage.jacoco.patterns" value="+:*" />
          <param name="teamcity.step.mode" value="execute_if_failed" />
          <param name="userSettingsPath" value="" />
          <param name="userSettingsSelection" value="userSettingsSelection:default" />
        </parameters>
      </runner>
    </build-runners>
    <vcs-settings>
      <vcs-entry-ref root-id="EduProject_Git" />
    </vcs-settings>
    <requirements />
    <build-triggers>
      <build-trigger id="vcsTrigger" type="vcsTrigger">
        <parameters />
      </build-trigger>
    </build-triggers>
    <cleanup />
  </settings>
</build-type>

