<?xml version="1.0" encoding="UTF-8"?>
<build-type xmlns:xsi="http://www.w3.org/2001/XMLSchema-instance" uuid="f30e2199-78ef-4c33-b47e-5c5d46e7351c" xsi:noNamespaceSchemaLocation="http://www.jetbrains.com/teamcity/schemas/9.0/project-config.xsd">
  <name>[Lesson5] TestNG tests (Maven)</name>
  <description>Run TestNG tests with Maven</description>
  <settings>
    <options>
      <option name="artifactRules" value="Homework 5\TestNG\MyTestNGproject\target\site =&gt; report.zip" />
    </options>
    <parameters />
    <build-runners>
      <runner id="RUNNER_4" name="Cleaning results of previous builds" type="Maven2">
        <parameters>
          <param name="goals" value="clean" />
          <param name="maven.home" value="" />
          <param name="mavenSelection" value="mavenSelection:default" />
          <param name="pomLocation" value="Homework 5/TestNG/MyTestNGproject/pom.xml" />
          <param name="teamcity.coverage.emma.include.source" value="true" />
          <param name="teamcity.coverage.emma.instr.parameters" value="-ix -*Test*" />
          <param name="teamcity.coverage.idea.includePatterns" value="*" />
          <param name="teamcity.coverage.jacoco.patterns" value="+:*" />
          <param name="teamcity.step.mode" value="default" />
          <param name="userSettingsPath" value="" />
          <param name="userSettingsSelection" value="userSettingsSelection:default" />
        </parameters>
      </runner>
      <runner id="RUNNER_5" name="Run TestNG tests" type="Maven2">
        <parameters>
          <param name="goals" value="test" />
          <param name="maven.home" value="" />
          <param name="mavenSelection" value="mavenSelection:default" />
          <param name="pomLocation" value="Homework 5/TestNG/MyTestNGproject/pom.xml" />
          <param name="teamcity.coverage.emma.include.source" value="true" />
          <param name="teamcity.coverage.emma.instr.parameters" value="-ix -*Test*" />
          <param name="teamcity.coverage.idea.includePatterns" value="*" />
          <param name="teamcity.coverage.jacoco.patterns" value="+:*" />
          <param name="teamcity.step.mode" value="default" />
          <param name="userSettingsPath" value="" />
          <param name="userSettingsSelection" value="userSettingsSelection:default" />
        </parameters>
      </runner>
      <runner id="RUNNER_6" name="Creating project description and report" type="Maven2">
        <parameters>
          <param name="goals" value="site" />
          <param name="maven.home" value="" />
          <param name="mavenSelection" value="mavenSelection:default" />
          <param name="pomLocation" value="Homework 5/TestNG/MyTestNGproject/pom.xml" />
          <param name="teamcity.coverage.emma.include.source" value="true" />
          <param name="teamcity.coverage.emma.instr.parameters" value="-ix -*Test*" />
          <param name="teamcity.coverage.idea.includePatterns" value="*" />
          <param name="teamcity.coverage.jacoco.patterns" value="+:*" />
          <param name="teamcity.step.mode" value="execute_if_failed" />
          <param name="userSettingsPath" value="" />
          <param name="userSettingsSelection" value="userSettingsSelection:default" />
        </parameters>
      </runner>
    </build-runners>
    <vcs-settings>
      <vcs-entry-ref root-id="EduProject_Git" />
    </vcs-settings>
    <requirements />
    <build-triggers>
      <build-trigger id="vcsTrigger" type="vcsTrigger">
        <parameters />
      </build-trigger>
    </build-triggers>
    <cleanup />
  </settings>
</build-type>

