<?xml version="1.0" encoding="UTF-8"?>
<vcs-root xmlns:xsi="http://www.w3.org/2001/XMLSchema-instance" uuid="fab1cbdf-49e6-4a3c-b190-e4f33eef2f46" type="jetbrains.git" xsi:noNamespaceSchemaLocation="http://www.jetbrains.com/teamcity/schemas/9.0/project-config.xsd">
  <name>GIT</name>
  <param name="agentCleanFilesPolicy" value="ALL_UNTRACKED" />
  <param name="agentCleanPolicy" value="ON_BRANCH_CHANGE" />
  <param name="authMethod" value="PASSWORD" />
  <param name="branch" value="refs/heads/master" />
  <param name="ignoreKnownHosts" value="true" />
  <param name="push_url" value="https://github.com/evgmuratov/Homework.git" />
  <param name="secure:password" value="zxx22a2253f0022d8e2fcb6341c5b515461" />
  <param name="submoduleCheckout" value="CHECKOUT" />
  <param name="url" value="https://github.com/evgmuratov/Homework.git" />
  <param name="useAlternates" value="true" />
  <param name="username" value="evgmuratov" />
  <param name="usernameStyle" value="USERID" />
</vcs-root>

